"Nr","Name","Index","RED","GREEN","BLUE","REDEDGE","NIR","Specials","Reference","R.Color","Palette","FORMULA"
1,"Adjusted transformed soil adjusted VI","ATSAVI","No","No","No","Yes","Yes","No","http://www.sciencedirect.com/science/article/B6V6V-48BK8FF-1B/2/44379b7ec48e94418f4bd5657f05ec0e","No",NA,"function(Bands,M1) {; re=which(Bands=='REDEDGE');  n=which(Bands=='NIR');  ; ATSAVI= 1.22*(M1[[n]]-1.22*M1[[re]]-0.03)/(1.22*M1[[n]] + M1[[re]] - 1.22*0.03+0.08*(1+1.22^2) )}"
2,"Anthocyanin reflectance index","ARI","No","Yes","No","Yes","No","No","https://digitalcommons.unl.edu/cgi/viewcontent.cgi?article=1275&context=natrespapers","No",NA,"function(Bands,M1) {; re=which(Bands=='REDEDGE');  g=which(Bands=='GREEN'); ARI= (1/M1[[g]] - 1/M1[[re]]) }"
3,"Ashburn Vegetation Index","AVI","Yes","No","No","No","Yes","No","https://www.scirp.org/(S(351jmbntvnsjt1aadkposzje))/reference/ReferencesPapers.aspx?ReferenceID=1488326","No",NA,"function(Bands,M1) {; r=which(Bands=='RED');  n=which(Bands=='NIR'); AVI= (2.0*M1[[n]]  - M1[[r]] ) }"
4,"Atmospherically Resistant Vegetation Index","ARVI","Yes","No","Yes","No","Yes","Y=1","10.1109/36.134076","No",NA,"function(Bands,M1) {; re=which(Bands=='REDEDGE') ; n= which(Bands=='NIR'); b = which(Bands=='BLUE'); Y=1 ; ARVI= (M1[[n]]- M1[[re]] - Y*(M1[[re]]-M1[[b]]) )/(M1[[n]]+ M1[[re]] - Y*(M1[[re]]-M1[[b]]) )}"
5,"Atmospherically Resistant Vegetation Index 2","ARVI2","No","No","No","Yes","Yes","No","10.1109/36.134076","No",NA,"function(Bands,M1) {; re=which(Bands=='REDEDGE');  n=which(Bands=='NIR'); ARVI2= (-0.18+1.17*((M1[[n]] - M1[[re]])/(M1[[n]] + M1[[re]]))  ) }"
6,"Blue-wide dynamic range vegetation index","BWDRVI","No","No","Yes","No","Yes","No","10.2135/cropsci2007.01.0031","No",NA,"function(Bands,M1) {;  b=which(Bands=='BLUE') ; n= which(Bands=='NIR') ; BWDRVI= (0.1*M1[[n]]-M1[[b]]) /(0.1*M1[[n]]+M1[[b]]);}"
7,"Browning Reflectance Index","BRI","No","Yes","No","Yes","Yes","No","https://link.springer.com/article/10.1023%2FA%3A1025608728405","No",NA,"function(Bands,M1) {; re=which(Bands=='REDEDGE');  g=which(Bands=='GREEN');  n=which(Bands=='NIR') ;  BRI= (1/M1[[g]]-1/M1[[re]])/M1[[n]];}"
8,"Canopy Chlorophyll Content Index","CCCI","Yes","No","No","Yes","Yes","No","http://agris.fao.org/agris-search/search.do?recordID=US201300795763","No",NA,"function(Bands,M1) {; re=which(Bands=='REDEDGE');  r=which(Bands=='RED');  n=which(Bands=='NIR') ;  CCCI= ( ((M1[[n]]- M1[[re]])/(M1[[n]]+M1[[re]])) / ((M1[[n]]- M1[[r]])/(M1[[n]]+ M1[[r]]))) ;}"
9,"Chlorophyll Absorption Ratio Index","CARI","Yes","Yes","No","Yes","No","No","https://ntrs.nasa.gov/search.jsp?R=19950010604","No",NA,"function(Bands,M1) {; re=which(Bands=='REDEDGE');  g=which(Bands=='GREEN');  r=which(Bands=='RED') ; ; CARI= M1[[re]]/M1[[r]]*sqrt(((M1[[re]]-M1[[g]])*670/150+ M1[[r]]+(M1[[g]]-((M1[[re]]-M1[[g]])*550/150)))^2 )/sqrt((M1[[re]] - M1[[g]])/(150^2) + 1)}"
10,"Chlorophyll Absorption Ratio Index 2","CARI2","Yes","Yes","No","Yes","No","No","https://drum.lib.umd.edu/handle/1903/24796","No",NA,"function(Bands,M1) {; re=which(Bands=='REDEDGE');  g=which(Bands=='GREEN');  r=which(Bands=='RED') ; a= (M1[[re]] - M1[[g]] ) /150 ; b= (M1[[g]] - (a*M1[[g]])); CARI2= M1[[re]]/M1[[r]]*abs((M1[[re]]- M1[[g]])*M1[[r]]/150+ M1[[r]]+M1[[g]]- a*M1[[g]]) /sqrt(a^2 + 1);}"
11,"Chlorophyll Green","Chlgreen","No","Yes","No","No","Yes","No","10.1029/2006GL026457","No",NA,"function(Bands,M1) {; g=which(Bands=='GREEN');  n=which(Bands=='NIR'); Chlgreen= (M1[[n]]/M1[[g]] )^(-1) }"
12,"Chlorophyll Index Green","CIgreen","No","Yes","No","No","Yes","No","10.1029/2002gl016450","No",NA,"function(Bands,M1) {; g=which(Bands=='GREEN');  n=which(Bands=='NIR'); CIgreen= ((M1[[n]]/M1[[g]] )-1) }"
13,"Chlorophyll IndexRedEdge","CIrededge","No","No","No","Yes","Yes","No","10.1029/2002gl016450","No",NA,"function(Bands,M1) {; re=which(Bands=='REDEDGE');  n=which(Bands=='NIR'); CIrededge= ((M1[[n]]/M1[[re]] )-1) }"
14,"Chlorophyll RedEdge","Chlrededge","No","No","No","Yes","Yes","No","10.1029/2006gl026457","No",NA,"function(Bands,M1) {; re=which(Bands=='REDEDGE');  n=which(Bands=='NIR'); Chlrededge= (M1[[n]]/M1[[re]] )^(-1) }"
15,"Chlorophyll vegetation index","CVI","Yes","Yes","No","No","Yes","No","10.1007/s11119-008-9075-z","No",NA,"function(Bands,M1) {; n=which(Bands=='NIR');  g=which(Bands=='GREEN');  r=which(Bands=='RED') ;  CVI= M1[[n]]*M1[[r]]/(M1[[g]])^2;}"
16,"Coloration Index","CI","No","No","Yes","Yes","No","No","10.5589/m11-038","No",NA,"function(Bands,M1) {; re=which(Bands=='REDEDGE');  b=which(Bands=='BLUE');  CI= (M1[[re]]- M1[[b]])/(M1[[re]]);}"
17,"Corrected Transformed Vegetation Index","CTVI","Yes","No","No","No","Yes","No","10.1016/0034-4257(84)90013-0","No",NA,"function(Bands,M1) {;  g=which(Bands=='GREEN') ; re= which(Bands=='REDEDGE') ; NDVI= (M1[[re]]-M1[[g]]) /(M1[[re]]+M1[[g]]); CTVI = ((NDVI + 0.5)*(sqrt(abs(NDVI+0.5)))/abs(NDVI+0.5));rm(NDVI); CTVI}"
18,"CRI550","CRI550","No","Yes","Yes","No","No","No","https://digitalcommons.unl.edu/natrespapers/273/","No",NA,"function(Bands,M1) {;  g=which(Bands=='GREEN') ; b= which(Bands=='BLUE') ; CRI550= (1/M1[[b]]-1/M1[[g]]);}"
19,"CRI700","CRI700","No","No","Yes","Yes","No","No","https://digitalcommons.unl.edu/natrespapers/273/","No",NA,"function(Bands,M1) {;  re=which(Bands=='REDEDGE') ; b= which(Bands=='BLUE') ; CRI700= (1/M1[[b]]-1/M1[[re]]);}"
20,"Datt1","Datt1","Yes","No","No","Yes","Yes","No","10.1071/BT98042","No",NA,"function(Bands,M1) {;  r=which(Bands=='RED') ;re=which(Bands=='REDEDGE') ; n= which(Bands=='NIR') ; Datt1= ((M1[[n]]- M1[[re]])/(M1[[n]]- M1[[r]]));}"
21,"Datt4","Datt4","Yes","Yes","No","Yes","No","No","10.1071/BT98042","No",NA,"function(Bands,M1) {;  r=which(Bands=='RED') ;re=which(Bands=='REDEDGE') ; g= which(Bands=='GREEN') ; Datt4= (M1[[r]]/(M1[[g]]* M1[[re]]));}"
22,"Difference 678/500","D678500","Yes","No","Yes","No","No","No","10.1034/j.1399-3054.1999.106119.x","No",NA,"function(Bands,M1) {;  r=which(Bands=='RED') ; b= which(Bands=='BLUE') ; D678500= (M1[[r]]- M1[[b]]);}"
23,"Difference 840/668","D840668","Yes","No","No","No","Yes","No","10.1016/s0034-4257(98)00082-0","No",NA,"function(Bands,M1) {; n=which(Bands=='NIR') ; r= which(Bands=='RED') ; D840668= (M1[[n]]- M1[[r]]);}"
24,"Difference NIR/Green","GDVI","No","Yes","No","No","Yes","No","10.1016/0034-4257(79)90004-x","No",NA,"function(Bands,M1) {; n=which(Bands=='NIR') ; g= which(Bands=='GREEN') ; GDVI= (M1[[n]]- M1[[g]]);}"
25,"Difference Vegetation Index","DVI","Yes","No","No","No","Yes","No","https://www.google.com/url?sa=t&rct=j&q=&esrc=s&source=web&cd=1&cad=rja&uact=8&ved=2ahUKEwjq3MH57qDmAhWCLlAKHdwPAQsQFjAAegQIARAC&url=https%3A%2F%2Fwww.asprs.org%2Fwp-content%2Fuploads%2Fpers%2F1977journal%2Fdec%2F1977_dec_1541-1552.pdf&usg=AOvVaw1yVm2nrI1iHqFN8jLmPoaF","No",NA,"function(Bands,M1) {;  r=which(Bands=='RED') ; n= which(Bands=='NIR') ; DVI= M1[[n]] - M1[[r]] }"
26,"Differenced Vegetation Index MSS","DVIMSS","Yes","No","No","No","Yes","No","https://trid.trb.org/view/60764","No",NA,"function(Bands,M1) {; n=which(Bands=='NIR') ; r= which(Bands=='RED') ; DVIMSS= (2.4*M1[[n]]- M1[[r]]);}"
27,"Enhanced Vegetation Index","EVI","No","No","Yes","Yes","Yes","No","https://ieeexplore.ieee.org/abstract/document/8746027","No",NA,"function(Bands,M1) {; r=which(Bands=='REDEDGE') ; n= which(Bands=='NIR')  ; b= which(Bands=='BLUE'); EVI= 2.5*(M1[[n]]- M1[[r]])/((M1[[n]]+ 6*M1[[r]] - 7.5*M1[[b]]) +1  )}"
28,"Enhanced Vegetation Index 2","EVI2","No","No","No","Yes","Yes","No","http://www.sciencedirect.com/science/article/pii/S00","No",NA,"function(Bands,M1) {; re=which(Bands=='REDEDGE') ; n= which(Bands=='NIR')  ; EVI2= 2.5*(M1[[n]]- M1[[re]])/((M1[[n]]+ 2.4*M1[[re]] +1)   )}"
29,"Enhanced Vegetation Index 3","EVI3","No","No","No","Yes","Yes","No","10.3390/s8042480","No",NA,"function(Bands,M1) {; re=which(Bands=='REDEDGE') ; n= which(Bands=='NIR')  ; EVI3= 2.4*(M1[[n]]- M1[[re]])/((M1[[n]]+ M1[[re]] +1)   )}"
30,"Ferric iron, Fe3+","Fe3","Yes","Yes","No","No","No","No","10.1016/S0034-4257(02)00127-X","No",NA,"function(Bands,M1) {; r=which(Bands=='RED') ; g= which(Bands=='GREEN')  ; Fe3= M1[[r]]/ M1[[g]]; }"
31,"Global Environment Monitoring Index","GEMI","No","No","No","Yes","Yes","No","https://link.springer.com/article/10.1007%2FBF01136034","No",NA,"function(Bands,M1) {; re=which(Bands=='REDEDGE') ; n= which(Bands=='NIR')  ; GEMI= ((2*(M1[[n]]^2- M1[[re]]^2)+1.5*M1[[n]]+0.5*M1[[re]])/(M1[[n]]+M1[[re]]+0.5))*(1- 0.25*(2*(M1[[n]]^2- M1[[re]]^2)+1.5*M1[[n]]+0.5*M1[[re]])/(M1[[n]]+M1[[re]]+0.5) ) -(M1[[n]]- (M1[[re]]-0.125)/(1-M1[[re]])   )}"
32,"Green atmospherically resistant vegetation index","GARI","No","Yes","Yes","Yes","Yes","No","10.1016/s0034-4257(96)00072-7","No",NA,"function(Bands,M1) {; re=which(Bands=='REDEDGE');  g=which(Bands=='GREEN');  n=which(Bands=='NIR'); b=which(Bands=='BLUE') ;  GARI= (M1[[n]]-(M1[[g]]- (M1[[b]]- M1[[re]])))/(M1[[n]]-(M1[[g]]+ (M1[[b]]- M1[[re]])));}"
33,"Green leaf index","GLI","No","Yes","Yes","Yes","No","No","10.1109/36.885197","No",NA,"function(Bands,M1) {; re=which(Bands=='REDEDGE');  g=which(Bands=='GREEN');  b=which(Bands=='BLUE') ;  GLI= (2*M1[[g]]- M1[[re]] - M1[[b]])/(2*M1[[g]]+ M1[[re]]+ M1[[b]]);}"
34,"Green Normalized Difference Vegetation Index","GNDVI","No","Yes","No","No","Yes","No","10.1080/01431169308904370","No",NA,"function(Bands,M1) {;  g=which(Bands=='GREEN') ; n= which(Bands=='NIR') ; GNDVI= (M1[[n]]-M1[[g]]) /(M1[[n]]+M1[[g]]);}"
35,"Green Optimized Soil Adjusted Vegetation Index","GOSAVI","No","Yes","No","No","Yes","Y=0.16","10.2134/agronj2005.0200","No",NA,"function(Bands,M1) {;g=which(Bands=='GREEN') ; n= which(Bands=='NIR'); Y=0.16 ; GOSAVI=(M1[[n]]- M1[[g]])/(M1[[n]]+ M1[[g]] + Y  )}"
36,"Green Soil Adjusted Vegetation Index","GSAVI","No","Yes","No","No","Yes","Y=0.16","https://www.indexdatabase.de/db/i-single.php?id=31","No",NA,"function(Bands,M1) {; g=which(Bands=='GREEN') ; n= which(Bands=='NIR'); Y=0.16 ; GSAVI= (1+Y)*(M1[[n]]- M1[[g]])/(M1[[n]]+ M1[[g]] + Y  )}"
37,"Green-Blue NDVI","GBNDVI","No","Yes","Yes","No","Yes","No","10.1016/s1672-6308(07)60027-4","No",NA,"function(Bands,M1) {;  g=which(Bands=='GREEN') ;b=which(Bands=='BLUE') ; n= which(Bands=='NIR') ; GBNDVI= (M1[[n]]-(M1[[g]]+M1[[b]])) /(M1[[n]]+(M1[[g]]+M1[[b]]));}"
38,"Green-Red NDVI","GRNDVI","No","Yes","No","Yes","Yes","No","10.1016/s1672-6308(07)60027-4","No",NA,"function(Bands,M1) {;  g=which(Bands=='GREEN') ;re=which(Bands=='REDEDGE') ; n= which(Bands=='NIR') ; GBNDVI= (M1[[n]]-(M1[[g]]+M1[[re]])) /(M1[[n]]+(M1[[g]]+M1[[re]]));}"
39,"Hue","H","Yes","Yes","Yes","No","No","No","https://www.scirp.org/(S(oyulxb452alnt1aej1nfow45))/reference/ReferencesPapers.aspx?ReferenceID=1933253","No",NA,"function(Bands,M1) {;  g=which(Bands=='GREEN') ;re=which(Bands=='REDEDGE') ; b= which(Bands=='BLUE') ; H= atan((2*M1[[re]]- M1[[g]]-M1[[b]])*(M1[[g]]-M1[[b]])/(30.5));}"
40,"Infrared percentage vegetation index","IPVI","No","Yes","No","Yes","Yes","No","10.1016/0034-4257(90)90085-z","No",NA,"function(Bands,M1) {;  g=which(Bands=='GREEN') ;re=which(Bands=='REDEDGE') ; n= which(Bands=='NIR') ; IPVI= (((M1[[n]])/(M1[[n]]+M1[[re]]))/2)*(((M1[[re]]-M1[[g]])/(M1[[re]]- M1[[g]]))+1);}"
41,"Intensity","I","No","Yes","Yes","Yes","No","No","10.5589/m11-038","No",NA,"function(Bands,M1) {;  g=which(Bands=='GREEN') ;re=which(Bands=='REDEDGE') ; b= which(Bands=='BLUE') ; I= (1/30.5)*(M1[[re]]+M1[[g]]+M1[[b]]);}"
42,"Inverse reflectance 550","IR550","No","Yes","No","No","No","No","https://digitalcommons.unl.edu/cgi/viewcontent.cgi?article=1275&context=natrespapers","No",NA,"function(Bands,M1) {;  g=which(Bands=='GREEN')  ; IR550= (1/M1[[g]]);}"
43,"Inverse reflectance 700","Inverse reflectance 700","No","No","No","Yes","No","No","https://digitalcommons.unl.edu/cgi/viewcontent.cgi?article=1275&context=natrespapers","No",NA,"function(Bands,M1) {;  re=which(Bands=='REDEDGE')  ; IR700= (1/M1[[re]]);}"
44,"Leaf Chlorophyll Index","LCI","Yes","No","No","Yes","Yes","No","http://dx.doi.org/10.1071/BT98042","No",NA,"function(Bands,M1) {;  r=which(Bands=='RED') ; n= which(Bands=='NIR');  re= which(Bands=='REDEDGE');LCI= (M1[[n]]-M1[[re]]) /(M1[[n]]+M1[[r]]);}"
45,"Log Ratio","LogR","No","No","No","Yes","Yes","No","https://www.indexdatabase.de/db/i-single.php?id=243","No",NA,"function(Bands,M1) {;  re=which(Bands=='REDEDGE') ; n= which(Bands=='NIR');  LogR= log10(M1[[n]]/M1[[re]]);}"
46,"MCARI/MTVI2","MCARIMTVI2","Yes","Yes","No","Yes","Yes","No","10.1080/01431160701422213","No",NA,"function(Bands,M1) {; re=which(Bands=='REDEDGE');  g=which(Bands=='GREEN'); n=which(Bands=='NIR');  r=which(Bands=='RED') ;  MCARI= ((M1[[re]]-M1[[r]]) -0.2*(M1[[re]]-M1[[r]]))*(M1[[re]]/M1[[r]]);Y=0.16 ; MTVI2= (1.5*(1.2*(M1[[n]]-M1[[g]]) - 2.5*(M1[[r]] - M1[[g]]))/sqrt((2*M1[[n]]+1)^2 - (6*M1[[n]] - 5*sqrt(M1[[r]]))-0.5)); MCARIMTVI2=  MCARI/MTVI2;  MCARIMTVI2; }"
47,"MCARI/OSAVI","MCARIOSAVI","Yes","Yes","No","Yes","Yes","No","10.1016/j.isprsjprs.2011.08.001","No",NA,"function(Bands,M1) {; re=which(Bands=='REDEDGE');  g=which(Bands=='GREEN'); n=which(Bands=='NIR');  r=which(Bands=='RED') ;  MCARI= ((M1[[re]]-M1[[r]]) -0.2*(M1[[re]]-M1[[r]]))*(M1[[re]]/M1[[r]]);Y=0.16 ; OSAVI= (1+Y)*(M1[[n]]- M1[[r]])/(M1[[n]]+ M1[[r]] + Y ); MCARIOSAVI=  MCARI/OSAVI;  MCARIOSAVI; }"
48,"mCRIG","mCRIG","No","Yes","Yes","No","Yes","No","10.1029/2006gl026457","No",NA,"function(Bands,M1) {;  b= which(Bands=='BLUE') ;g=which(Bands=='GREEN') ; n= which(Bands=='NIR');  mCRIG= (1/M1[[b]] - 1/M1[[g]])*M1[[n]];}"
49,"mCRIRE","mCRIRE","No","No","Yes","Yes","Yes","No","10.1029/2006gl026457","No",NA,"function(Bands,M1) {;  b= which(Bands=='BLUE') ;re=which(Bands=='REDEDGE') ; n= which(Bands=='NIR');  mCRIRE= (1/M1[[b]] - 1/M1[[re]])*M1[[n]];}"
50,"Misra Green Vegetation Index","MGVI","Yes","Yes","No","Yes","Yes","No","http://agris.fao.org/agris-search/search.do?recordID=US201302401430","No",NA,"function(Bands,M1) {; re=which(Bands=='REDEDGE');  g=which(Bands=='GREEN');  r=which(Bands=='RED') ; n= which(Bands=='NIR'); MGVI= (-0.368*M1[[g]]-0.530*M1[[r]]+0.535*M1[[re]]+0.532*M1[[n]])}"
51,"Misra Non Such Index","MNSI","Yes","Yes","No","Yes","Yes","No","http://agris.fao.org/agris-search/search.do?recordID=US201302401430","No",NA,"function(Bands,M1) {; re=which(Bands=='REDEDGE');  g=which(Bands=='GREEN');  r=which(Bands=='RED') ; n= which(Bands=='NIR'); MSBI= (0.404*M1[[g]]-0.039*M1[[r]]-0.505*M1[[re]]+0.762*M1[[n]])}"
52,"Misra Soil Brightness Index","MSBI","Yes","Yes","No","Yes","Yes","No","http://agris.fao.org/agris-search/search.do?recordID=US201302401430","No",NA,"function(Bands,M1) {; re=which(Bands=='REDEDGE');  g=which(Bands=='GREEN');  r=which(Bands=='RED') ; n= which(Bands=='NIR'); MSBI= (0.406*M1[[g]]+0.6*M1[[r]]+0.645*M1[[re]]−0.243*M1[[n]])}"
53,"Misra Yellow Vegetation Index","MYVI","Yes","Yes","No","Yes","Yes","No","http://agris.fao.org/agris-search/search.do?recordID=US201302401430","No",NA,"function(Bands,M1) {; re=which(Bands=='REDEDGE');  g=which(Bands=='GREEN');  r=which(Bands=='RED') ; n= which(Bands=='NIR'); MYVI= (0.723*M1[[g]]-0.597*M1[[r]]+0.206*M1[[re]]-0.278*M1[[n]])}"
54,"mND680","mND680","Yes","No","Yes","No","Yes","No","10.1016/s0034-4257(02)00010-x","No",NA,"function(Bands,M1) {;  r=which(Bands=='RED') ; n= which(Bands=='NIR');  b= which(Bands=='BLUE');mND680= (M1[[n]]-M1[[r]]) /(M1[[n]]+M1[[r]]-2*M1[[b]]);}"
55,"Modified anthocyanin reflectance index","mARI","No","Yes","No","Yes","Yes","No","http://dx.doi.org/10.1029/2006GL026457","No",NA,"function(Bands,M1) {;  re= which(Bands=='REDEDGE') ;g=which(Bands=='GREEN') ; n= which(Bands=='NIR');  mARI= (1/M1[[g]] - 1/M1[[re]])*M1[[n]];}"
56,"Modified Chlorophyll Absorption in Reflectance Index","MCARI","Yes","Yes","No","Yes","No","No","10.1016/S0034-4257(00)00113-9","No",NA,"function(Bands,M1) {; re=which(Bands=='REDEDGE');  g=which(Bands=='GREEN');  r=which(Bands=='RED') ;  MCARI= ((M1[[re]]-M1[[r]]) -0.2*(M1[[re]]-M1[[r]]))*(M1[[re]]/M1[[r]]);}"
57,"Modified Chlorophyll Absorption in Reflectance Index 1","MCARI1","Yes","Yes","No","No","Yes","No","10.1016/j.rse.2003.12.013","No",NA,"function(Bands,M1) {; r=which(Bands=='RED');  g=which(Bands=='GREEN');  n=which(Bands=='NIR') ;  MCARI1= (1.2*(2.5*(M1[[n]]-M1[[r]])- 1.3*(M1[[n]] - M1[[g]])));}"
58,"Modified Chlorophyll Absorption in Reflectance Index 2","MCARI2","Yes","Yes","No","No","Yes","No","10.1016/j.rse.2003.12.013","No",NA,"function(Bands,M1) {; r=which(Bands=='RED');  g=which(Bands=='GREEN');  n=which(Bands=='NIR') ;  MCARI2= (1.5*(2.5*(M1[[n]]-M1[[r]])- 1.3*(M1[[n]] - M1[[g]])))/sqrt((2*M1[[n]]+1)^2- (6*M1[[n]]-5*sqrt(M1[[r]]))-0.5);}"
59,"Modified Secondary Soil- Adjusted Vegetation Index (MSAVI2)","MSAVI2","Yes","No","No","No","Yes","No","https://www.asprs.org/wp-content/uploads/pers/1977journal/dec/1977_dec_1541-1552.pdf","No",NA,"function(Bands,M1) {;  r=which(Bands=='RED') ; n= which(Bands=='NIR') ;  MSAVI2= 0.5*((2*M1[[n]]-1)- sqrt((2*M1[[n]]+1)^2 - 8*(M1[[n]]- M1[[r]])) )}"
60,"Modified Simple Ratio","mSR","Yes","No","Yes","No","Yes","No","10.1016/s0034-4257(02)00010-x","No",NA,"function(Bands,M1) {;  r=which(Bands=='RED') ; n= which(Bands=='NIR'); b= which(Bands=='BLUE');mSR= (M1[[n]]-M1[[b]]) /(M1[[r]]+M1[[b]]);}"
61,"Modified Simple Ratio 670,800","MSR670","Yes","No","No","No","Yes","No","10.1080/07038992.1996.10855178","No",NA,"function(Bands,M1) {;  r=which(Bands=='RED') ; n= which(Bands=='NIR');MSR670= (M1[[n]]/M1[[r]] - 1) /sqrt(M1[[n]]/M1[[r]] +1);}"
62,"Modified Simple Ratio NIR/RED","MSRNirRed","No","No","No","No","Yes","No","10.1016/0034-4257(95)00195-6","No",NA,"function(Bands,M1) {;  re=which(Bands=='REDEDGE') ; n= which(Bands=='NIR');MSRNirRed= (M1[[n]]/M1[[re]] - 1) /sqrt(M1[[n]]/M1[[re]] +1);}"
63,"Modified Soil Adjusted Vegetation Index","MSAVI","No","No","No","Yes","Yes","No","10.1016/0034-4257(94)90134-1","No",NA,"function(Bands,M1) {;  re=which(Bands=='REDEDGE') ; n= which(Bands=='NIR');MSAVI= (2*M1[[n]] + 1 - sqrt((2*M1[[n]]+ 1)^2 - 8*(M1[[n]]- M1[[re]]))) /2;}"
64,"Modified Soil Adjusted Vegetation Index hyper","MSAVIhyper","Yes","No","No","No","Yes","No","10.1080/02757259409532252","No",NA,"function(Bands,M1) {;  r=which(Bands=='RED') ; n= which(Bands=='NIR');MSAVIhy= (2*M1[[n]] + 1 - sqrt((2*M1[[n]]+ 1)^2 - 8*(M1[[n]]- M1[[r]]))) /2;}"
65,"Modified Triangular Vegetation Index 1","MTVI1","Yes","Yes","No","No","Yes","No","10.1016/j.rse.2003.12.013","No",NA,"function(Bands,M1) {;  g=which(Bands=='GREEN') ; r=which(Bands=='RED') ; n= which(Bands=='NIR');MTVI1= (1.2*(1.2*(M1[[n]]-M1[[g]]) - 2.5*(M1[[r]] - M1[[g]])));}"
66,"Modified Triangular Vegetation Index 2","MTVI2","Yes","Yes","No","No","Yes","No","10.1016/j.rse.2003.12.013","No",NA,"function(Bands,M1) {;  g=which(Bands=='GREEN') ; r=which(Bands=='RED') ; n= which(Bands=='NIR');MTVI2= (1.5*(1.2*(M1[[n]]-M1[[g]]) - 2.5*(M1[[r]] - M1[[g]]))/sqrt((2*M1[[n]]+1)^2 - (6*M1[[n]] - 5*sqrt(M1[[r]]))-0.5));}"
67,"New Atmospherically Resistant Vegetation Index","IAVI","Yes","No","Yes","No","Yes","Y=0.65","http://en.cnki.com.cn/Article_en/CJFDTOTAL-ZWXB199601007.htm","No",NA,"function(Bands,M1) {; r=which(Bands=='RED') ; n= which(Bands=='NIR'); b = which(Bands=='BLUE'); Y=0.65 ; IRVI= (M1[[n]]- M1[[r]] - Y*(M1[[r]]-M1[[b]]) )/(M1[[n]]+ M1[[r]] - Y*(M1[[r]]-M1[[b]]) )}"
68,"new Double Difference Index","DDn","No","No","No","Yes","Yes","No","10.1016/j.rse.2008.06.005","No",NA,"function(Bands,M1) {;  re=which(Bands=='REDEDGE') ; n= which(Bands=='NIR');DDn= (2*(M1[[re]] - M1[[n]] - M1[[n]]));}"
69,"Nonlinear vegetation index","NLI","No","No","No","Yes","Yes","No","http://www.mdpi.com/1424-8220/8/6/3744/","No",NA,"function(Bands,M1) {;  re=which(Bands=='REDEDGE') ; n= which(Bands=='NIR');NLI= ((M1[[n]]^2 - M1[[re]])/(M1[[n]]^2 + M1[[re]]));}"
70,"Norm G","NormG","No","Yes","No","Yes","Yes","No","https://www.indexdatabase.de/db/i-single.php?id=50","No",NA,"function(Bands,M1) {;  g=which(Bands=='GREEN');  re=which(Bands=='REDEDGE') ; n= which(Bands=='NIR');NormG= ((M1[[g]])/(M1[[re]]+M1[[n]]+M1[[g]]));}"
71,"Norm NIR","NormN","No","Yes","No","Yes","Yes","No","https://www.indexdatabase.de/db/i-single.php?id=51","No",NA,"function(Bands,M1) {;  g=which(Bands=='GREEN');  re=which(Bands=='REDEDGE') ; n= which(Bands=='NIR');NormN= ((M1[[n]])/(M1[[re]]+M1[[n]]+M1[[g]]));}"
72,"Norm R","NormR","No","Yes","No","Yes","Yes","No","https://www.indexdatabase.de/db/i-single.php?id=52","No",NA,"function(Bands,M1) {;  g=which(Bands=='GREEN');  re=which(Bands=='REDEDGE') ; n= which(Bands=='NIR');NormR= ((M1[[re]])/(M1[[re]]+M1[[n]]+M1[[g]]));}"
73,"Normalized Difference 560/475","PPR","No","Yes","Yes","No","No","No","10.1080/01431160210163074","No",NA,"function(Bands,M1) {;  b=which(Bands=='BLUE') ; g= which(Bands=='GREEN') ; PPR= (M1[[g]]-M1[[b]]) /(M1[[g]]+M1[[b]]);}"
74,"Normalized Difference 560/668","PVR","Yes","Yes","No","No","No","No","10.1080/01431160210163074","No",NA,"function(Bands,M1) {;  r=which(Bands=='RED') ; g= which(Bands=='GREEN') ; PPR= (M1[[g]]-M1[[r]]) /(M1[[g]]+M1[[r]]);}"
75,"Normalized Difference 668/560","ND682553","Yes","Yes","No","No","No","No","https://www.researchgate.net/publication/255596491_Retrieval_of_vegetation_biophysical_variables_from_CHRISPROBA_data_in_the_SPARC_campaign","No",NA,"function(Bands,M1) {;  r=which(Bands=='RED') ; g= which(Bands=='GREEN') ; ND682553= (M1[[r]]-M1[[g]]) /(M1[[r]]+M1[[g]]);}"
76,"Normalized Difference 840/668","ND774677","Yes","No","No","No","Yes","No","10.1109/36.934080","No",NA,"function(Bands,M1) {;  r=which(Bands=='RED') ; n= which(Bands=='NIR') ;   ND774677 = (M1[[n]]-M1[[r]]) /(M1[[n]]+M1[[r]]);}"
77,"Normalized Difference NIR/Green","GNDVI","No","Yes","No","No","Yes","No","10.1016/s0034-4257(96)00072-7","No",NA,"function(Bands,M1) {;  g=which(Bands=='GREEN') ; n= which(Bands=='NIR') ;   GNDVI = (M1[[n]]-M1[[g]]) /(M1[[n]]+M1[[g]]);}"
78,"Normalized Difference Green/Red","NGRDI","No","Yes","No","Yes","No","No","10.1016/s0034-4257(01)00289-9","No",NA,"function(Bands,M1) {;  g=which(Bands=='GREEN') ; re= which(Bands=='REDEDGE') ;   NGRDI  = (M1[[re]]-M1[[g]]) /(M1[[re]]+M1[[g]]);}"
79,"Normalized Difference NIR/Blue","BNDVI","No","No","Yes","No","Yes","No","10.1007/s11119-004-5319-8","No",NA,"function(Bands,M1) {;  n=which(Bands=='NIR') ; b= which(Bands=='BLUE') ;   BNDVI  = (M1[[n]]-M1[[b]]) /(M1[[n]]+M1[[b]]);}"
80,"Normalized Difference NIR/Rededge","NDRE","No","No","No","Yes","Yes","No","https://pubag.nal.usda.gov/catalog/4190","No",NA,"function(Bands,M1) {;  re=which(Bands=='REDEDGE') ; n= which(Bands=='NIR') ;     NDRE  = (M1[[n]]-M1[[re]]) /(M1[[n]]+M1[[re]]);}"
81,"Normalized Difference Red/Green","RI","No","Yes","No","Yes","No","No","https://inis.iaea.org/search/search.aspx?orig_q=RN:46046803","No",NA,"function(Bands,M1) {;  re=which(Bands=='REDEDGE') ; g= which(Bands=='GREEN') ;     RI = (M1[[re]]-M1[[g]]) /(M1[[re]]+M1[[g]]);}"
82,"Normalized Difference Vegetation Index","NDVI","Yes","No","No","No","Yes","No","https://ntrs.nasa.gov/archive/nasa/casi.ntrs.nasa.gov/19740022614.pdf","No",NA,"function(Bands,M1) {;  r=which(Bands=='RED') ; n= which(Bands=='NIR') ; NDVI= (M1[[n]]-M1[[r]]) /(M1[[n]]+M1[[r]]);}"
83,"normalized saturation-value difference index","NSVDI","Yes","Yes","Yes","No","No","No","https://ieeexplore.ieee.org/document/4779175",NA,NA,"function(Bands,M1) {;  r=which(Bands=='RED') ;  g=which(Bands=='GREEN') ;  b=which(Bands=='BLUE') ; nc = M1@ncols; nr = M1@nrows; rgb_mat<- cbind(R=c(((as.matrix(M1[[r]])))), G=c((as.matrix(M1[[g]]))), B=c((as.matrix(M1[[b]])))); max_rgb <-apply(rgb_mat, 1, max); min_rgb <-apply(rgb_mat, 1, min); v_mat <- max_rgb; mm <- max_rgb-min_rgb; s_mat <- mm/v_mat; NSVDI =(s_mat - v_mat)/(s_mat + v_mat); NSVDI= matrix(NSVDI, nrow=nr,ncol=nc);}"
84,"Optimized Soil-Adjusted Vegetation Index","OSAVI","Yes","No","No","No","Yes","Y=0.16","https://www.tandfonline.com/doi/abs/10.1080/02757259309532166","No",NA,"function(Bands,M1) {; r=which(Bands=='RED') ; n= which(Bands=='NIR'); Y=0.16 ; OSAVI= (1+Y)*(M1[[n]]- M1[[r]])/(M1[[n]]+ M1[[r]] + Y  )}"
85,"Pan NDVI","PNDVI","No","Yes","Yes","Yes","Yes","No","10.1016/s1672-6308(07)60027-4","No",NA,"function(Bands,M1) {; re=which(Bands=='REDEDGE') ;b=which(Bands=='BLUE') ; g=which(Bands=='GREEN') ; n= which(Bands=='NIR'); Y=0.16 ; PNDVI= (M1[[n]]- (M1[[g]] +  M1[[re]] + M1[[b]] ))/(M1[[n]] + (M1[[g]] +  M1[[re]] + M1[[b]] ))}"
86,"Ratio Vegetation Index","RVI","Yes","No","No","No","Yes","No","https://doi.org/10.2307/1936256","No",NA,"function(Bands,M1) {; r=which(Bands=='RED') ; n= which(Bands=='NIR'); RVI= M1[[r]] /M1[[n]]}"
87,"RDVI","RDVI","Yes","No","No","No","Yes","No","10.1016/s0034-4257(00)00197-8","No",NA,"function(Bands,M1) {;  r=which(Bands=='RED') ; n= which(Bands=='NIR') ; RDVI= (M1[[n]]-M1[[r]]) /sqrt(M1[[n]]+M1[[r]]);}"
88,"Red edge 1","Rededge1","Yes","No","No","Yes","No","No","10.1080/01431169608949094","No",NA,"function(Bands,M1) {;  r=which(Bands=='RED') ; re= which(Bands=='REDEDGE') ; Rededge1= M1[[re]] /M1[[r]];}"
89,"Red edge 2","Rededge2","Yes","No","No","Yes","No","No","10.1080/01431169608949094","No",NA,"function(Bands,M1) {;  r=which(Bands=='RED') ; re= which(Bands=='REDEDGE') ; Rededge2= (M1[[re]] - M1[[r]]) /(M1[[re]] + M1[[r]]);}"
90,"Red-Blue NDVI","RBNDVI","No","No","Yes","Yes","Yes","No","10.1016/s1672-6308(07)60027-4","No",NA,"function(Bands,M1) {; re=which(Bands=='REDEDGE'); b=which(Bands=='BLUE') ; n= which(Bands=='NIR') ; RBNDVI = (M1[[n]]-(M1[[re]]+ M1[[b]])) /(M1[[n]]+(M1[[re]]+ M1[[b]]));}"
91,"Reflectance at the inflexion point","Rre","Yes","No","No","No","Yes","No","10.1080/01431160110104647","No",NA,"function(Bands,M1) {;  r=which(Bands=='RED') ; n= which(Bands=='NIR') ; Rre= (M1[[n]]+M1[[r]]) /(2);}"
92,"Shape Index","IF","No","Yes","Yes","Yes","No","No","10.5589/m11-038","No",NA,"function(Bands,M1) {;    b=which(Bands=='BLUE'); g=which(Bands=='GREEN') ; re= which(Bands=='REDEDGE') ; IF= (2*M1[[re]]-M1[[g]]- M1[[b]]) /(M1[[g]]- M1[[b]]);}"
93,"Simple Ratio 450/690","BRI","No","No","Yes","Yes","No","No","10.1016/j.rse.2005.09.002","No",NA,"function(Bands,M1) {;    b=which(Bands=='BLUE');  re= which(Bands=='REDEDGE') ; Lic2= (M1[[b]]) /(M1[[re]]);}"
94,"Simple Ratio 450/550","BGI","No","Yes","Yes","No","No","No","https://www.indexdatabase.de/db/i-single.php?id=210","No",NA,"function(Bands,M1) {;    b=which(Bands=='BLUE');  g= which(Bands=='GREEN') ; BGI= (M1[[b]]) /(M1[[g]]);}"
95,"Simple Ratio 550/680","DSWI4","Yes","Yes","No","No","No","No","http://eprints.usq.edu.au/8061/","No",NA,"function(Bands,M1) {;    r=which(Bands=='RED');  g= which(Bands=='GREEN') ; SR= (M1[[g]]) /(M1[[r]]);}"
96,"Simple Ratio 550/800","SR550800","No","Yes","No","Yes","No","No","10.1016/j.rse.2003.09.004","No",NA,"function(Bands,M1) {;    n=which(Bands=='NIR');  g= which(Bands=='GREEN') ; SR= (M1[[g]]) /(M1[[n]]);}"
97,"Greenness Index","GI","Yes","Yes","No","No","No","No","10.1109/36.934080","No",NA,"function(Bands,M1) {;    r=which(Bands=='RED');  g= which(Bands=='GREEN') ; SR= (M1[[g]]) /(M1[[r]]);}"
98,"Simple Ratio 672/708","SR672708","Yes","No","No","Yes","No","No","10.1016/s0034-4257(98)00046-7","No",NA,"function(Bands,M1) {;    r=which(Bands=='RED');  re= which(Bands=='REDEDGE') ; SR= (M1[[r]]) /(M1[[re]]);}"
99,"Simple Ratio 694/840","SR694840","No","No","No","Yes","Yes","No","10.1016/s0176-1617(96)80070-8","No",NA,"function(Bands,M1) {;    re=which(Bands=='REDEDGE');  n= which(Bands=='NIR') ; SR= (M1[[re]]) /(M1[[n]]);}"
100,"Simple Ratio 695/670","Ctr5","Yes","No","No","Yes","No","No","10.1080/01431169408954109","No",NA,"function(Bands,M1) {;  r=which(Bands=='RED') ; re= which(Bands=='REDEDGE') ; Ctr5= (M1[[re]]/M1[[r]]);}"
101,"Simple Ratio 695/760","Ctr4","No","No","No","Yes","Yes","No","10.1080/01431169408954109","No",NA,"function(Bands,M1) {;  n=which(Bands=='NIR') ; re= which(Bands=='REDEDGE') ; Ctr4= (M1[[re]]/M1[[n]]);}"
102,"Simple Ratio 700","SR700","No","No","No","Yes","No","No","10.1016/s0034-4257(99)00023-1","No",NA,"function(Bands,M1) {;   re= which(Bands=='REDEDGE') ; SR700= (1/M1[[re]]);}"
103,"Simple Ratio 710/670","SR710670","Yes","No","No","Yes","No","No","10.1080/01431169408954109","No",NA,"function(Bands,M1) {;    r=which(Bands=='RED');  re= which(Bands=='REDEDGE') ; SR= (M1[[re]]) /(M1[[r]]);}"
104,"Simple Ratio 760/695","SR760695","No","No","No","Yes","Yes","No","10.1080/014311697217558","No",NA,"function(Bands,M1) {;  n=which(Bands=='NIR') ; re= which(Bands=='REDEDGE') ; SR= (M1[[n]]/M1[[re]]);}"
105,"Simple Ratio 800/470","PSSRc2","No","No","Yes","No","Yes","No","10.1080/014311698215919","No",NA,"function(Bands,M1) {;  n=which(Bands=='NIR') ; b= which(Bands=='BLUE') ; SR= (M1[[n]]/M1[[b]]);}"
106,"Simple Ratio NIR/G","GRVI","No","Yes","No","No","Yes","No","10.1016/s0034-4257(01)00289-9","No",NA,"function(Bands,M1) {;  n=which(Bands=='NIR') ; g= which(Bands=='GREEN') ; SR= (M1[[n]]/M1[[g]]);}"
107,"Simple Ratio NIR/RED","DVI2","Yes","No","No","No","Yes","No","10.2134/agronj1968.00021962006000060016x","No",NA,"function(Bands,M1) {;  n=which(Bands=='NIR') ; r= which(Bands=='RED') ; SR= (M1[[n]]/M1[[r]]);}"
108,"Simple Ratio NIR/Rededge","RRI1","No","No","No","Yes","Yes","No","http://link.aip.org/link/PSISDG/v7824/i1/p782409/s1&Agg=doi","No",NA,"function(Bands,M1) {;  n=which(Bands=='NIR') ; re= which(Bands=='REDEDGE') ; SR= (M1[[n]]/M1[[re]]);}"
109,"Simple Ratio Red/Blue","IO","Yes","No","Yes","No","No","No","10.1109/igarss.2001.976615","No",NA,"function(Bands,M1) {;    r=which(Bands=='RED');  b= which(Bands=='BLUE') ; SR= (M1[[r]]) /(M1[[b]]);}"
110,"Simple Ratio Red/Green","RGR","Yes","Yes","No","No","No","No","10.1046/j.1469-8137.1999.00424.x","No",NA,"function(Bands,M1) {;    r=which(Bands=='RED');  g= which(Bands=='GREEN') ; SR= (M1[[r]]) /(M1[[g]]);}"
111,"Simple Ratio Red/NIR","SRRedNIR","Yes","No","No","No","Yes","No","10.1080/02757259509532298","No",NA,"function(Bands,M1) {;  n=which(Bands=='NIR') ; r= which(Bands=='RED') ; SR= (M1[[r]]/M1[[n]]);}"
112,"Single Band 475","BLUE","No","No","Yes","No","No","No","-","Yes","gray.colors","function(Bands,M1) {;  ; b= which(Bands=='BLUE') ; SB= (M1[[b]]);}"
113,"Single Band 560","GREEN","No","Yes","No","No","No","No","-","Yes","gray.colors","function(Bands,M1) {;  ; g= which(Bands=='GREEN') ; SB= (M1[[g]]);}"
114,"Single Band 668","RED","Yes","No","No","No","No","No","-","Yes","gray.colors","function(Bands,M1) {;  ; r= which(Bands=='RED') ; SB= (M1[[r]]);}"
115,"Single Band 717","REDEDGE","No","No","No","Yes","No","No","-","Yes","gray.colors","function(Bands,M1) {;  ;re= which(Bands=='REDEDGE') ; SB= (M1[[re]]);}"
116,"Single Band 840","NIR","No","No","No","No","Yes","No","-","Yes","gray.colors","function(Bands,M1) {;  ; n= which(Bands=='NIR') ; SB= (M1[[n]]);}"
117,"Soil Adjusted Vegetation Index","SAVI","Yes","No","No","No","Yes","Y=0.5","10.1016/0034-4257(88)90106-x","No",NA,"function(Bands,M1) {; r=which(Bands=='RED') ; n= which(Bands=='NIR'); Y=0.5 ; SAVI= (1+Y)*(M1[[n]]- M1[[r]])/(M1[[n]]+ M1[[r]] + Y  )}"
118,"Soil and Atmospherically Resistant Vegetation Index 2","SARVI2","No","No","Yes","Yes","Yes","No","10.1016/s0034-4257(96)00112-5","No",NA,"function(Bands,M1) {; re=which(Bands=='REDEDGE') ; n= which(Bands=='NIR'); b=which(Bands=='BLUE');  SARVI2= (2.5)*(M1[[n]]- M1[[re]])/(1+M1[[n]]+ 6*M1[[re]] -  7.5*M1[[b]] )}"
119,"Soil and Atmospherically Resistant Vegetation Index 3","SAVI3","Yes","No","No","No","Yes","No","10.1016/s0034-4257(98)00082-0","No",NA,"function(Bands,M1) {; r=which(Bands=='RED') ; n= which(Bands=='NIR');   SAVI3= (1.5)*(M1[[n]]- M1[[r]])/(M1[[n]]+ M1[[r]]+0.5)}"
120,"Soil Background Line","SBL","Yes","No","No","No","Yes","No","https://www.indexdatabase.de/db/r-single.php?id=682","No",NA,"function(Bands,M1) {; r=which(Bands=='RED') ; n= which(Bands=='NIR');   SBL= (M1[[n]]- 2.4*M1[[r]])}"
121,"Soil-Adjusted Vegetation Index","SAVI","Yes","No","No","No","Yes","Y=0.5","10.1016/0034-4257(88)90106-X","No",NA,"function(Bands,M1) {;  r=which(Bands=='RED') ; n= which(Bands=='NIR') ; Y=0.65 ; SAVI= (M1[[n]]- M1[[r]])*(1+Y) /(M1[[n]]+ M1[[r]]+ Y )}"
122,"Spectral Polygon Vegetation Index","SPVI","Yes","Yes","No","No","Yes","No","10.1016/j.isprsjprs.2011.08.001","No",NA,"function(Bands,M1) {;  r=which(Bands=='RED') ; n= which(Bands=='NIR') ; g=which(Bands=='GREEN')  ; SPVI= 0.4*(3.7*(M1[[n]]- M1[[r]] ) - 1.2* abs(M1[[g]]- M1[[r]]))}"
123,"SQRT(IR/R)","SQRTIRR","No","No","No","Yes","Yes","No","https://www.indexdatabase.de/db/i-single.php?id=200","No",NA,"function(Bands,M1) {; re=which(Bands=='REDEDGE');  n= which(Bands=='NIR'); sq= sqrt(M1[[n]]/M1[[re]])}"
124,"Structure Intensive Pigment Index 1","SIPI1","Yes","No","Yes","No","Yes","No","10.1016/S1360-1385(98)01213-8","No",NA,"function(Bands,M1) {; b=which(Bands=='BLUE'); r=which(Bands=='RED');  n= which(Bands=='NIR'); SIPI1= ((M1[[n]] - M1[[b]])/(M1[[n]]+ M1[[r]]))}"
125,"Structure Intensive Pigment Index 2","SIPI2","No","No","Yes","Yes","Yes","No","http://www.mdpi.com/1424-8220/8/6/3744/","No",NA,"function(Bands,M1) {; b=which(Bands=='BLUE'); re=which(Bands=='REDEDGE');  n= which(Bands=='NIR'); SIPI2= ((M1[[n]] - M1[[b]])/(M1[[n]]- M1[[re]]))}"
126,"Tasselled Cap - Green Vegetation Index MSS","GVIMSS","Yes","Yes","No","Yes","Yes","No","https://www.semanticscholar.org/paper/The-tasselled-cap-A-graphic-description-of-the-of-Kauth-Thomas/7fdd8c2ea8ecd753fdff5707f709111023cef1e1","No",NA,"function(Bands,M1) {; re=which(Bands=='REDEDGE');  g=which(Bands=='GREEN');  r=which(Bands=='RED') ; n= which(Bands=='NIR'); GVIMSS = (−0.283*M1[[g]]- 0.660*M1[[r]]+0.577*M1[[re]] + 0.388*M1[[n]]);  GVIMSS}"
127,"Tasselled Cap - Non Such Index MSS","NSIMSS","Yes","Yes","No","Yes","Yes","No","https://www.semanticscholar.org/paper/The-tasselled-cap-A-graphic-description-of-the-of-Kauth-Thomas/7fdd8c2ea8ecd753fdff5707f709111023cef1e1","No",NA,"function(Bands,M1) {; re=which(Bands=='REDEDGE');  g=which(Bands=='GREEN');  r=which(Bands=='RED') ; n= which(Bands=='NIR'); NSIMSS= (−0.016*M1[[g]]+0.131*M1[[r]]- 0.425*M1[[re]] + 0.882*M1[[n]]); NSIMSS}"
128,"Tasselled Cap - Soil Brightness Index MSS","SBIMSS","Yes","Yes","No","Yes","Yes","No","https://www.semanticscholar.org/paper/The-tasselled-cap-A-graphic-description-of-the-of-Kauth-Thomas/7fdd8c2ea8ecd753fdff5707f709111023cef1e1","No",NA,"function(Bands,M1) {; re=which(Bands=='REDEDGE');  g=which(Bands=='GREEN');  r=which(Bands=='RED') ; n= which(Bands=='NIR'); SBIMSS= (0.332*M1[[g]]+0.603*M1[[r]]+0.675*M1[[re]]+0.262*M1[[n]])}"
129,"Tasselled Cap - Yellow Vegetation Index MSS","YVI","Yes","Yes","No","Yes","Yes","No","http://en.cnki.com.cn/Article_en/CJFDTotal-STXZ200202012.htm","No",NA,"function(Bands,M1) {; re=which(Bands=='REDEDGE');  g=which(Bands=='GREEN');  r=which(Bands=='RED') ; n= which(Bands=='NIR'); YVI= (−0.899*M1[[g]]+0.428*M1[[r]]+0.076*M1[[re]]−0.041*M1[[n]])}"
130,"TCARI/OSAVI","TCARIOSAVI","Yes","Yes","No","Yes","Yes","Y=0.16","https://www.indexdatabase.de/db/i-single.php?id=191","No",NA,"function(Bands,M1) {; r=which(Bands=='RED') ; n= which(Bands=='NIR'); re=which(Bands=='REDEDGE');  g=which(Bands=='GREEN'); Y=0.16 ; OSAVI= (1+Y)*(M1[[n]]- M1[[r]])/(M1[[n]]+ M1[[r]] + Y ) ; TCARI= 3*((M1[[re]] - M1[[r]]) - 0.2*(M1[[re]] - M1[[g]])*(M1[[re]]/M1[[r]])); d= TCARI/OSAVI; d}"
131,"Transformed Chlorophyll Absorbtion Ratio","TCARI","Yes","Yes","No","Yes","No","No","10.1016/S0034-4257(02)00018-4","No",NA,"function(Bands,M1) {; re=which(Bands=='REDEDGE');  g=which(Bands=='GREEN');  r=which(Bands=='RED') ; TCARI= 3*((M1[[re]] - M1[[r]]) - 0.2*(M1[[re]] - M1[[g]])*(M1[[re]]/M1[[r]]))}"
132,"Transformed NDVI","TNDVI","Yes","No","No","No","Yes","No","https://ntrs.nasa.gov/archive/nasa/casi.ntrs.nasa.gov/19740022614.pdf","No",NA,"function(Bands,M1) {;  re=which(Bands=='REDEDGE') ; n= which(Bands=='NIR') ; TNDVI= sqrt((M1[[n]]-M1[[re]]) /(M1[[n]]+M1[[re]]) + 0.5);}"
133,"Transformed Vegetation Index","TVI","No","Yes","No","Yes","No","No","10.2134/agronj2010.0395","No",NA,"function(Bands,M1) {;  re=which(Bands=='REDEDGE') ; g= which(Bands=='GREEN') ; TVI= sqrt((M1[[re]]-M1[[g]]) /(M1[[re]]+M1[[g]]) + 0.5);}"
134,"Triangular chlorophyll index","TCI","Yes","Yes","No","Yes","No","No","10.2134/agronj2010.0395","No",NA,"function(Bands,M1) {;  r=which(Bands=='RED') ;  re=which(Bands=='REDEDGE') ; g= which(Bands=='GREEN') ; TCI=(1.2*(M1[[re]]- M1[[g]]) - 1.5*(M1[[r]]- M1[[g]])*sqrt(M1[[re]]/M1[[r]]));}"
135,"Vegetation Index 700","VI700","Yes","No","No","Yes","No","No","10.1016/s0034-4257(01)00289-9","No",NA,"function(Bands,M1) {;  r=which(Bands=='RED') ;  re=which(Bands=='REDEDGE') ; VI700=((M1[[re]]- M1[[r]]) /(M1[[re]]+M1[[r]]));}"
136,"Visible Atmospherically Resistant Index Green","VARIgreen","Yes","Yes","Yes","No","No","No","https://www.researchgate.net/publication/251429153_Non-destructive_and_remote_sensing_techniques_for_estimation_of_vegetation_status/stats","No",NA,"function(Bands,M1) {;  r=which(Bands=='RED') ;  g=which(Bands=='GREEN') ;  b=which(Bands=='BLUE') ; VariGREEN=((M1[[g]]- M1[[r]]) /(M1[[g]]+M1[[r]] - M1[[b]]));}"
137,"Visible Atmospherically Resistant Indices 700","VARI700","Yes","No","Yes","Yes","No","No","10.1016/s0034-4257(01)00289-9","No",NA,"function(Bands,M1) {;b=which(Bands=='BLUE')   ; r=which(Bands=='RED') ;  re=which(Bands=='REDEDGE') ; VARI700=((M1[[re]]- 1.7*M1[[r]] + 0.7*M1[[b]]) /(M1[[re]]+ 2.3*M1[[r]] - 1.3*M1[[b]]));}"
138,"Visible Atmospherically Resistant Indices RedEdge","VARIrededge","Yes","No","No","Yes","No","No","10.1016/s0034-4257(01)00289-9","No",NA,"function(Bands,M1) {;  r=which(Bands=='RED') ;  re=which(Bands=='REDEDGE') ; VARIrededge=((M1[[re]]- M1[[r]]) /(M1[[re]]+M1[[r]]));}"
139,"Visible-Band Difference Vegetation Index","VDVI","Yes","Yes","Yes","No","No","No","10.1016/s0034-4257(01)00289-9","No",NA,"function(Bands,M1) {;  r=which(Bands=='RED') ; g= which(Bands=='GREEN') ; b= which(Bands=='BLUE'); VDVI= (2*M1[[g]]-M1[[r]] -M1[[b]]) /(2*M1[[g]]+M1[[r]]+M1[[b]]);}"
140,"Wide Dynamic Range Vegetation Index","WDRVI","Yes","No","No","No","Yes","No","https://pdfs.semanticscholar.org/17bb/af2bc96f8bcf75144485ff49b6a8c7c440ae.pdf","No",NA,"function(Bands,M1) {;  r=which(Bands=='RED') ; n= which(Bands=='NIR') ; WDRVI= (0.1*M1[[n]]-M1[[r]]) /(0.1*M1[[n]]+M1[[r]]);}"
